article_id,product_code,prod_name,product_type_no,product_type_name,product_group_name,graphical_appearance_no,graphical_appearance_name,colour_group_code,colour_group_name,perceived_colour_value_id,perceived_colour_value_name,perceived_colour_master_id,perceived_colour_master_name,department_no,department_name,index_code,index_name,index_group_no,index_group_name,section_no,section_name,garment_group_no,garment_group_name,detail_desc
706016001,706016,Jade HW Skinny Denim TRS,272,Trousers,Garment Lower body,1010016,Solid,9,Black,4,Dark,5,Black,1747,Trousers,D,Divided,2,Divided,53,Divided Collection,1009,Trousers,"High-waisted jeans in washed superstretch denim with a zip fly and button, fake front pockets, real back pockets and super-skinny legs."
706016002,706016,Jade HW Skinny Denim TRS,272,Trousers,Garment Lower body,1010016,Solid,71,Light Blue,3,Light,2,Blue,1747,Trousers,D,Divided,2,Divided,53,Divided Collection,1009,Trousers,"High-waisted jeans in washed superstretch denim with a zip fly and button, fake front pockets, real back pockets and super-skinny legs."
372860001,372860,7p Basic Shaftless,302,Socks,Socks & Tights,1010016,Solid,9,Black,4,Dark,5,Black,3611,Shopbasket Socks,B,Lingeries/Tights,1,Ladieswear,62,"Womens Nightwear, Socks & Tigh",1021,Socks and Tights,Fine-knit trainer socks in a soft cotton blend.
464297007,464297,Greta Thong Mynta Low 3p,286,Underwear bottom,Underwear,1010014,Placement print,9,Black,4,Dark,5,Black,1334,Casual Lingerie,B,Lingeries/Tights,1,Ladieswear,61,Womens Lingerie,1017,"Under-, Nightwear","Thong briefs in cotton jersey with a wide lace trim at the top. Low waist, lined gusset, narrow sides and a string back."
562245046,562245,Luna skinny RW,272,Trousers,Garment Lower body,1010016,Solid,9,Black,4,Dark,5,Black,1722,Trouser,A,Ladieswear,1,Ladieswear,15,Womens Everyday Collection,1009,Trousers,"5-pocket jeans in washed, superstretch denim with a regular waist, zip fly and button, and skinny legs."
706016003,706016,Jade HW Skinny Denim TRS,272,Trousers,Garment Lower body,1010016,Solid,73,Dark Blue,2,Medium Dusty,2,Blue,1747,Trousers,D,Divided,2,Divided,53,Divided Collection,1009,Trousers,"High-waisted jeans in washed superstretch denim with a zip fly and button, fake front pockets, real back pockets and super-skinny legs."
156231001,156231,Box 4p Tights,304,Underwear Tights,Socks & Tights,1010016,Solid,9,Black,4,Dark,5,Black,3608,Tights basic,B,Lingeries/Tights,1,Ladieswear,62,"Womens Nightwear, Socks & Tigh",1021,Socks and Tights,Matt tights with an elasticated waist. 20 denier.
372860002,372860,7p Basic Shaftless,302,Socks,Socks & Tights,1010016,Solid,10,White,3,Light,9,White,3611,Shopbasket Socks,B,Lingeries/Tights,1,Ladieswear,62,"Womens Nightwear, Socks & Tigh",1021,Socks and Tights,Fine-knit trainer socks in a soft cotton blend.
610776002,610776,Tilly (1),255,T-shirt,Garment Upper body,1010016,Solid,9,Black,4,Dark,5,Black,1676,Jersey Basic,A,Ladieswear,1,Ladieswear,16,Womens Everyday Basics,1002,Jersey Basic,T-shirt in lightweight jersey with a rounded hem. Slightly longer at the back.
673396002,673396,Ringo hipbelt,67,Belt,Accessories,1010016,Solid,9,Black,4,Dark,5,Black,3509,Belts,C,Ladies Accessories,1,Ladieswear,65,Womens Big accessories,1019,Accessories,Belt in grained imitation leather with a metal buckle. Width approx. 2.2 cm.
568601006,568601,Mariette Blazer,264,Blazer,Garment Upper body,1010016,Solid,9,Black,4,Dark,5,Black,1212,Suit,A,Ladieswear,1,Ladieswear,11,Womens Tailoring,1008,Dressed,"Fitted jacket in woven fabric with notch lapels, jetted front pockets, a decorative button at the cuffs and a single back vent. Lined."
599580017,599580,Timeless Midrise Brief,59,Swimwear bottom,Swimwear,1010026,Other structure,9,Black,4,Dark,5,Black,4242,Swimwear,B,Lingeries/Tights,1,Ladieswear,60,"Womens Swimwear, beachwear",1018,Swimwear,Fully lined bikini bottoms with a mid waist and medium coverage at the back.
399256001,399256,Skinny Ankle R.W Brooklyn,272,Trousers,Garment Lower body,1010016,Solid,9,Black,4,Dark,5,Black,1779,Everyday Waredrobe Denim,A,Ladieswear,1,Ladieswear,57,Ladies Denim,1016,Trousers Denim,"Ankle-length jeans in washed stretch denim with a regular waist, fake front pockets, real back pockets and skinny legs."
399223001,399223,Curvy Jeggings HW Ankle,272,Trousers,Garment Lower body,1010016,Solid,9,Black,4,Dark,5,Black,1772,Denim Trousers,D,Divided,2,Divided,57,Ladies Denim,1016,Trousers Denim,"Jeggings in washed, superstretch denim with a high waist, fake front pockets, real back pockets and skinny legs."
573716012,573716,Kanta slacks RW,272,Trousers,Garment Lower body,1010016,Solid,9,Black,4,Dark,5,Black,1722,Trouser,A,Ladieswear,1,Ladieswear,15,Womens Everyday Collection,1009,Trousers,"Ankle-length cigarette trousers in a stretch weave with a regular waist, concealed zip in one side, fake back pockets and tapered legs with slits at the hems."
688537004,688537,Simple as that Cheeky Tanga,59,Swimwear bottom,Swimwear,1010026,Other structure,9,Black,4,Dark,5,Black,4242,Swimwear,B,Lingeries/Tights,1,Ladieswear,60,"Womens Swimwear, beachwear",1018,Swimwear,Fully lined bikini bottoms with a mid waist and cutaway coverage at the back.
706016015,706016,Jade HW Skinny Denim TRS,272,Trousers,Garment Lower body,1010016,Solid,8,Dark Grey,4,Dark,12,Grey,1747,Trousers,D,Divided,2,Divided,53,Divided Collection,1009,Trousers,"High-waisted jeans in washed superstretch denim with a zip fly and button, fake front pockets, real back pockets and super-skinny legs."
448509014,448509,Perrie Slim Mom Denim TRS,272,Trousers,Garment Lower body,1010016,Solid,72,Blue,3,Light,2,Blue,1747,Trousers,D,Divided,2,Divided,53,Divided Collection,1009,Trousers,"5-pocket, ankle-length jeans in washed, sturdy cotton denim with a high waist, button fly and slim, straight legs with raw-edge hems."
608776002,608776,Scallop 5p Socks,302,Socks,Socks & Tights,1010016,Solid,9,Black,4,Dark,5,Black,3611,Shopbasket Socks,B,Lingeries/Tights,1,Ladieswear,62,"Womens Nightwear, Socks & Tigh",1021,Socks and Tights,Fine-knit socks with a scalloped edge.
507909001,507909,Rebecca or Delphine shirt,259,Shirt,Garment Upper body,1010016,Solid,10,White,3,Light,9,White,1515,Blouse,A,Ladieswear,1,Ladieswear,11,Womens Tailoring,1010,Blouses,"Gently tailored shirt in a stretch cotton blend with a turn-down collar, V-neck, buttons down the front and buttoned cuffs."
610776001,610776,Tilly (1),255,T-shirt,Garment Upper body,1010016,Solid,10,White,3,Light,9,White,1676,Jersey Basic,A,Ladieswear,1,Ladieswear,16,Womens Everyday Basics,1002,Jersey Basic,T-shirt in lightweight jersey with a rounded hem. Slightly longer at the back.
160442007,160442,3p Sneaker Socks,302,Socks,Socks & Tights,1010016,Solid,9,Black,4,Dark,5,Black,3611,Shopbasket Socks,B,Lingeries/Tights,1,Ladieswear,62,"Womens Nightwear, Socks & Tigh",1021,Socks and Tights,"Short, fine-knit socks designed to be hidden by your shoes with a silicone trim at the back of the heel to keep them in place."
636323001,636323,Skinny H.W Ankle Queens,272,Trousers,Garment Lower body,1010023,Denim,9,Black,4,Dark,5,Black,1772,Denim Trousers,D,Divided,2,Divided,57,Ladies Denim,1016,Trousers Denim,"Ankle-length jeans in washed, stretch denim with a high waist, zip fly and button, back pockets and skinny legs."
706016006,706016,Jade HW Skinny Denim TRS,272,Trousers,Garment Lower body,1010016,Solid,73,Dark Blue,4,Dark,2,Blue,1747,Trousers,D,Divided,2,Divided,53,Divided Collection,1009,Trousers,"High-waisted jeans in washed superstretch denim with a zip fly and button, fake front pockets, real back pockets and super-skinny legs."
111586001,111586,Shape Up 30 den 1p Tights,273,Leggings/Tights,Garment Lower body,1010016,Solid,9,Black,4,Dark,5,Black,3608,Tights basic,B,Lingeries/Tights,1,Ladieswear,62,"Womens Nightwear, Socks & Tigh",1021,Socks and Tights,Tights with built-in support to lift the bottom. Black in 30 denier and light amber in 15 denier.
554450001,554450,Julia RW Skinny Denim TRS,272,Trousers,Garment Lower body,1010016,Solid,9,Black,4,Dark,5,Black,1747,Trousers,D,Divided,2,Divided,53,Divided Collection,1009,Trousers,5-pocket jeans in superstretch washed denim with a regular waist and super-skinny legs.
160442010,160442,3p Sneaker Socks,302,Socks,Socks & Tights,1010016,Solid,10,White,3,Light,9,White,3611,Shopbasket Socks,B,Lingeries/Tights,1,Ladieswear,62,"Womens Nightwear, Socks & Tigh",1021,Socks and Tights,"Short, fine-knit socks designed to be hidden by your shoes with a silicone trim at the back of the heel to keep them in place."
579541001,579541,Calista cardigan.,245,Cardigan,Garment Upper body,1010016,Solid,9,Black,4,Dark,5,Black,1616,Knitwear,A,Ladieswear,1,Ladieswear,11,Womens Tailoring,1003,Knitwear,"Cardigan in a soft, fine-knit viscose blend with buttons down the front and ribbing around the neckline, cuffs and hem."
695632001,695632,Gyda blouse,258,Blouse,Garment Upper body,1010016,Solid,9,Black,4,Dark,5,Black,1515,Blouse,A,Ladieswear,1,Ladieswear,11,Womens Tailoring,1010,Blouses,"Blouse in a soft weave with a narrow collar, concealed buttons down the front, long sleeves with buttoned cuffs and a rounded hem."
695632002,695632,Gyda blouse,258,Blouse,Garment Upper body,1010016,Solid,10,White,3,Light,9,White,1515,Blouse,A,Ladieswear,1,Ladieswear,11,Womens Tailoring,1010,Blouses,"Blouse in a soft weave with a narrow collar, concealed buttons down the front, long sleeves with buttoned cuffs and a rounded hem."
554479001,554479,Ozzy Denim Shorts,274,Shorts,Garment Lower body,1010016,Solid,9,Black,4,Dark,5,Black,1745,Shorts,D,Divided,2,Divided,53,Divided Collection,1025,Shorts,High-waisted shorts in superstretch twill with back pockets and sewn-in turn-ups at the hems.
562245018,562245,Luna skinny RW,272,Trousers,Garment Lower body,1010023,Denim,72,Blue,1,Dusty Light,2,Blue,1722,Trouser,A,Ladieswear,1,Ladieswear,15,Womens Everyday Collection,1009,Trousers,"5-pocket jeans in washed, superstretch denim with a regular waist, zip fly and button, and skinny legs."
399256005,399256,Skinny Ankle R.W Brooklyn,272,Trousers,Garment Lower body,1010016,Solid,10,White,3,Light,9,White,1779,Everyday Waredrobe Denim,A,Ladieswear,1,Ladieswear,57,Ladies Denim,1016,Trousers Denim,"Ankle-length jeans in washed stretch denim with a regular waist, fake front pockets, real back pockets and skinny legs."
610776033,610776,Tilly,255,T-shirt,Garment Upper body,1010001,All over pattern,11,Off White,3,Light,9,White,1676,Jersey Basic,A,Ladieswear,1,Ladieswear,16,Womens Everyday Basics,1002,Jersey Basic,T-shirt in lightweight jersey with a rounded hem. Slightly longer at the back.
678942001,678942,Harrison short sleeve top CN,254,Top,Garment Upper body,1010016,Solid,9,Black,4,Dark,5,Black,1616,Knitwear,A,Ladieswear,1,Ladieswear,11,Womens Tailoring,1003,Knitwear,"Short-sleeved jumper in a soft, fine-knit viscose blend with ribbing around the neckline, sleeves and hem."
618800001,618800,Leona,253,Vest top,Garment Upper body,1010016,Solid,9,Black,4,Dark,5,Black,1522,Blouse,A,Ladieswear,1,Ladieswear,15,Womens Everyday Collection,1010,Blouses,V-neck satin top with a lace trim at the top and super-skinny shoulder straps. Unlined.
565379001,565379,Moa tank,253,Vest top,Garment Upper body,1010016,Solid,9,Black,4,Dark,5,Black,1676,Jersey Basic,A,Ladieswear,1,Ladieswear,16,Womens Everyday Basics,1002,Jersey Basic,Fitted vest top in stretch cotton jersey.
719655001,719655,Greta Ch hipster ctn 3p,286,Underwear bottom,Underwear,1010016,Solid,9,Black,4,Dark,5,Black,1334,Casual Lingerie,B,Lingeries/Tights,1,Ladieswear,61,Womens Lingerie,1017,"Under-, Nightwear","Briefs in cotton jersey and lace with a low waist, lined gusset and cutaway coverage at the back."
507883009,507883,Ellen Thong (Malva) L 3pk,286,Underwear bottom,Underwear,1010016,Solid,9,Black,4,Dark,5,Black,1339,Clean Lingerie,B,Lingeries/Tights,1,Ladieswear,61,Womens Lingerie,1017,"Under-, Nightwear",
685814001,685814,RICHIE HOOD,308,Hoodie,Garment Upper body,1010016,Solid,9,Black,4,Dark,5,Black,5833,Heavy Basic Jersey,F,Menswear,3,Menswear,26,Men Underwear,1002,Jersey Basic,"Hoodie in sweatshirt fabric made from a cotton blend. Relaxed fit with a lined, drawstring hood, long sleeves, kangaroo pocket and ribbing at the cuffs and hem. Soft brushed inside."
572797001,572797,ESSENTIAL TANKTOP LACE TVP,253,Vest top,Garment Upper body,1010016,Solid,9,Black,4,Dark,5,Black,1660,Jersey,A,Ladieswear,1,Ladieswear,6,Womens Casual,1005,Jersey Fancy,Fitted vest top in soft cotton jersey with lace trims around the neckline and armholes.
399223033,399223,Jeggings H.W,272,Trousers,Garment Lower body,1010023,Denim,73,Dark Blue,1,Dusty Light,2,Blue,1772,Denim Trousers,D,Divided,2,Divided,57,Ladies Denim,1016,Trousers Denim,"Jeggings in washed, superstretch denim with a high waist, fake front pockets, real back pockets and skinny legs."
610776022,610776,Tilly,255,T-shirt,Garment Upper body,1010001,All over pattern,12,Light Beige,1,Dusty Light,11,Beige,1676,Jersey Basic,A,Ladieswear,1,Ladieswear,16,Womens Everyday Basics,1002,Jersey Basic,T-shirt in lightweight jersey with a rounded hem. Slightly longer at the back.
573085004,573085,Madison skinny HW (1),272,Trousers,Garment Lower body,1010023,Denim,72,Blue,2,Medium Dusty,2,Blue,1722,Trouser,A,Ladieswear,1,Ladieswear,15,Womens Everyday Collection,1009,Trousers,"5-pocket jeans in washed stretch denim with a high waist, zip fly and slim legs."
711053003,711053,Tess Tee.,255,T-shirt,Garment Upper body,1010016,Solid,9,Black,4,Dark,5,Black,1643,Basic 1,D,Divided,2,Divided,51,Divided Basics,1002,Jersey Basic,Long T-shirt in soft jersey made from a cotton blend with short sleeves with sewn-in turn-ups.
568597006,568597,Hayes slim trouser,272,Trousers,Garment Lower body,1010016,Solid,9,Black,4,Dark,5,Black,1717,Trouser,A,Ladieswear,1,Ladieswear,11,Womens Tailoring,1009,Trousers,"Suit trousers in a stretch weave with a regular waist, zip fly and concealed hook-and-eye fastening. Side pockets and tapered legs with creases."
572797002,572797,ESSENTIAL TANKTOP LACE TVP,253,Vest top,Garment Upper body,1010016,Solid,10,White,3,Light,9,White,1660,Jersey,A,Ladieswear,1,Ladieswear,6,Womens Casual,1005,Jersey Fancy,Fitted vest top in soft cotton jersey with lace trims around the neckline and armholes.
448509001,448509,Perrie Slim Mom Denim TRS,272,Trousers,Garment Lower body,1010016,Solid,9,Black,4,Dark,5,Black,1747,Trousers,D,Divided,2,Divided,53,Divided Collection,1009,Trousers,"5-pocket, ankle-length jeans in washed, sturdy cotton denim with a high waist, button fly and slim, straight legs with raw-edge hems."
640021005,640021,Perrie Trash HW Denim TRS,272,Trousers,Garment Lower body,1010016,Solid,72,Blue,2,Medium Dusty,2,Blue,1747,Trousers,D,Divided,2,Divided,53,Divided Collection,1009,Trousers,"5-pocket, ankle-length jeans in washed denim with hard-worn details. Extra-high waist, a button fly and gently tapered legs with raw-edge hems."
573085028,573085,Madison skinny HW,272,Trousers,Garment Lower body,1010016,Solid,9,Black,4,Dark,5,Black,1722,Trouser,A,Ladieswear,1,Ladieswear,15,Womens Everyday Collection,1009,Trousers,"5-pocket jeans in washed stretch denim with a high waist, zip fly and slim legs."
687704001,687704,Embrace S.Skinny Ankle H.W,272,Trousers,Garment Lower body,1010023,Denim,9,Black,4,Dark,5,Black,1772,Denim Trousers,D,Divided,2,Divided,57,Ladies Denim,1016,Trousers Denim,"5-pocket, ankle-length jeans in washed, stretch denim with a high waist, zip fly and button and super-skinny legs. Embrace – denim with a smart stretch function that moulds to the body for a comfortable, flattering silhouette."
561445005,561445,Billie,255,T-shirt,Garment Upper body,1010016,Solid,9,Black,4,Dark,5,Black,1676,Jersey Basic,A,Ladieswear,1,Ladieswear,16,Womens Everyday Basics,1002,Jersey Basic,"Short-sleeved, fitted jersey top with a slightly deeper neckline."
680262001,680262,SUPREME tights,273,Leggings/Tights,Garment Lower body,1010016,Solid,9,Black,4,Dark,5,Black,8310,Ladies Sport Bottoms,S,Sport,26,Sport,5,Ladies H&M Sport,1005,Jersey Fancy,Sports tights in fast-drying functional fabric with a wide waistband to hold in and shape the waist. Concealed key pocket in the waistband.
728162001,728162,Talia (1),255,T-shirt,Garment Upper body,1010016,Solid,9,Black,4,Dark,5,Black,1676,Jersey Basic,A,Ladieswear,1,Ladieswear,16,Womens Everyday Basics,1002,Jersey Basic,V-neck T-shirt in cotton jersey with a rounded hem. Slightly longer at the back.
717464001,717464,Nicky long.,253,Vest top,Garment Upper body,1010016,Solid,9,Black,4,Dark,5,Black,1643,Basic 1,D,Divided,2,Divided,51,Divided Basics,1002,Jersey Basic,"Longer, fitted top in stretch cotton jersey with adjustable shoulder straps."
562245050,562245,Luna skinny RW,272,Trousers,Garment Lower body,1010016,Solid,10,White,3,Light,9,White,1722,Trouser,A,Ladieswear,1,Ladieswear,15,Womens Everyday Collection,1009,Trousers,"5-pocket jeans in washed, superstretch denim with a regular waist, zip fly and button, and skinny legs."
717490001,717490,Cat Tee.,255,T-shirt,Garment Upper body,1010016,Solid,9,Black,4,Dark,5,Black,1643,Basic 1,D,Divided,2,Divided,51,Divided Basics,1002,Jersey Basic,T-shirt in soft jersey.
675068002,675068,Melrose,259,Shirt,Garment Upper body,1010016,Solid,10,White,3,Light,9,White,1522,Blouse,A,Ladieswear,1,Ladieswear,15,Womens Everyday Collection,1010,Blouses,"Straight-cut shirt in an airy cotton weave with a collar, buttons down the front and an open chest pocket. Yoke with a pleat at the back, long sleeves with wide, buttoned cuffs, and a rounded hem. Slightly longer at the back."
624486001,624486,Brit Baby Tee,255,T-shirt,Garment Upper body,1010016,Solid,9,Black,4,Dark,5,Black,1643,Basic 1,D,Divided,2,Divided,51,Divided Basics,1002,Jersey Basic,"Short, fitted top in ribbed cotton jersey with short sleeves."
715624001,715624,Becka hoodie,308,Hoodie,Garment Upper body,1010016,Solid,9,Black,4,Dark,5,Black,1643,Basic 1,D,Divided,2,Divided,51,Divided Basics,1002,Jersey Basic,"Long-sleeved top in soft sweatshirt fabric with a jersey-lined, drawstring hood, kangaroo pocket and ribbing at the cuffs and hem. Soft brushed inside."
536139006,536139,Alex Jogger (J),296,Pyjama bottom,Nightwear,1010016,Solid,9,Black,4,Dark,5,Black,3709,Nightwear,B,Lingeries/Tights,1,Ladieswear,62,"Womens Nightwear, Socks & Tigh",1017,"Under-, Nightwear",Pyjama bottoms in lightweight fabric with an elasticated drawstring waist and tapered legs with ribbed hems.
629420007,629420,claudine,255,T-shirt,Garment Upper body,1010016,Solid,10,White,3,Light,9,White,1676,Jersey Basic,A,Ladieswear,1,Ladieswear,16,Womens Everyday Basics,1002,Jersey Basic,T-shirt in soft cotton jersey.
538699001,538699,V-neck strap top,253,Vest top,Garment Upper body,1010016,Solid,9,Black,4,Dark,5,Black,1676,Jersey Basic,A,Ladieswear,1,Ladieswear,16,Womens Everyday Basics,1002,Jersey Basic,Jersey top with a V-neck and narrow shoulder straps.
728162002,728162,Talia (1),255,T-shirt,Garment Upper body,1010016,Solid,10,White,3,Light,9,White,1676,Jersey Basic,A,Ladieswear,1,Ladieswear,16,Womens Everyday Basics,1002,Jersey Basic,V-neck T-shirt in cotton jersey with a rounded hem. Slightly longer at the back.
697054014,697054,Despacito 1,258,Blouse,Garment Upper body,1010016,Solid,9,Black,4,Dark,5,Black,1522,Blouse,A,Ladieswear,1,Ladieswear,15,Womens Everyday Collection,1010,Blouses,"Blouse in woven fabric with a collar, buttons down the front, gathers at the shoulders, long sleeves with buttoned cuffs, and a rounded hem. Slightly longer at the back."
685816001,685816,RONNY REG RN T-SHIRT,255,T-shirt,Garment Upper body,1010016,Solid,10,White,3,Light,9,White,5832,Light Basic Jersey,F,Menswear,3,Menswear,26,Men Underwear,1002,Jersey Basic,Round-necked T-shirt in soft cotton jersey.
579302001,579302,Clarence Push Wireless Farg,306,Bra,Underwear,1010016,Solid,9,Black,4,Dark,5,Black,1338,Expressive Lingerie,B,Lingeries/Tights,1,Ladieswear,61,Womens Lingerie,1017,"Under-, Nightwear","Non-wired push-up bralette in lace with moulded, padded cups for a larger bust and fuller cleavage. Narrow, adjustable shoulder straps, a wide lace trim at the hem and no fasteners."
664074001,664074,Charlie Top,254,Top,Garment Upper body,1010016,Solid,9,Black,4,Dark,5,Black,1666,Jersey,A,Ladieswear,1,Ladieswear,11,Womens Tailoring,1005,Jersey Fancy,Straight-cut top in airy jersey crêpe with a boat neck and short sleeves with pleated trims.
664405002,664405,Virgo Hip belt,67,Belt,Accessories,1010016,Solid,9,Black,4,Dark,5,Black,3509,Belts,C,Ladies Accessories,1,Ladieswear,65,Womens Big accessories,1019,Accessories,Belt with a metal buckle. Width 2.5 cm.
554450004,554450,Julia RW Skinny Denim TRS,272,Trousers,Garment Lower body,1010016,Solid,71,Light Blue,3,Light,2,Blue,1747,Trousers,D,Divided,2,Divided,53,Divided Collection,1009,Trousers,5-pocket jeans in superstretch washed denim with a regular waist and super-skinny legs.
685816002,685816,RONNY REG RN T-SHIRT,255,T-shirt,Garment Upper body,1010016,Solid,9,Black,4,Dark,5,Black,5832,Light Basic Jersey,F,Menswear,3,Menswear,26,Men Underwear,1002,Jersey Basic,Round-necked T-shirt in soft cotton jersey.
554450027,554450,Julia RW Skinny Denim TRS,272,Trousers,Garment Lower body,1010016,Solid,8,Dark Grey,4,Dark,12,Grey,1747,Trousers,D,Divided,2,Divided,53,Divided Collection,1009,Trousers,5-pocket jeans in superstretch washed denim with a regular waist and super-skinny legs.
685813001,685813,PETAR SWEATSHIRT,252,Sweater,Garment Upper body,1010016,Solid,9,Black,4,Dark,5,Black,5833,Heavy Basic Jersey,F,Menswear,3,Menswear,26,Men Underwear,1002,Jersey Basic,"Top in soft sweatshirt fabric. Slightly looser fit with dropped shoulders and ribbing around the neckline, cuffs and hem. Soft brushed inside."
108775044,108775,Strap top,253,Vest top,Garment Upper body,1010016,Solid,10,White,3,Light,9,White,1676,Jersey Basic,A,Ladieswear,1,Ladieswear,16,Womens Everyday Basics,1002,Jersey Basic,Jersey top with narrow shoulder straps.
179123001,179123,Long Leggings,273,Leggings/Tights,Garment Lower body,1010016,Solid,9,Black,4,Dark,5,Black,1676,Jersey Basic,A,Ladieswear,1,Ladieswear,16,Womens Everyday Basics,1002,Jersey Basic,Jersey leggings with an elasticated waist.
189616006,189616,Heavy jsy long leg,273,Leggings/Tights,Garment Lower body,1010020,Contrast,9,Black,4,Dark,5,Black,1643,Basic 1,D,Divided,2,Divided,51,Divided Basics,1002,Jersey Basic,Leggings in extra sturdy jersey with an elasticated waist.
717490002,717490,Cat Tee.,255,T-shirt,Garment Upper body,1010016,Solid,10,White,3,Light,9,White,1643,Basic 1,D,Divided,2,Divided,51,Divided Basics,1002,Jersey Basic,T-shirt in soft jersey.
615141002,615141,Juanos,254,Top,Garment Upper body,1010016,Solid,9,Black,4,Dark,5,Black,1636,Jersey fancy,A,Ladieswear,1,Ladieswear,15,Womens Everyday Collection,1005,Jersey Fancy,"Long-sleeved, fitted top in ribbed jersey with a slight sheen. Tape-trimmed V-neck front and back."
678687001,678687,KARIN SPORTS BRA,306,Bra,Underwear,1010016,Solid,9,Black,4,Dark,5,Black,8316,Ladies Sport Bras,S,Sport,26,Sport,5,Ladies H&M Sport,1005,Jersey Fancy,"Sports bra in fast-drying functional fabric with a lined front, racer back with sections in ventilating mesh and a wide elastic hem. Medium support."
658030011,658030,Push Up Jegging L.W,272,Trousers,Garment Lower body,1010023,Denim,73,Dark Blue,4,Dark,2,Blue,1772,Denim Trousers,D,Divided,2,Divided,57,Ladies Denim,1016,Trousers Denim,"5-pocket jeggings in washed, stretch denim with a low waist, zip fly and button, and skinny legs. Push up – denim with a superstretch function that showcases the body’s physique."
679853001,679853,Sirpa Basic TVP,252,Sweater,Garment Upper body,1010016,Solid,9,Black,4,Dark,5,Black,1647,Tops Knitwear,D,Divided,2,Divided,53,Divided Collection,1003,Knitwear,"Jumper in a soft knit with ribbing around the neckline, cuffs and hem."
723469001,723469,Kelly 2pk Melbourne push ct,306,Bra,Underwear,1010016,Solid,9,Black,4,Dark,5,Black,1334,Casual Lingerie,B,Lingeries/Tights,1,Ladieswear,61,Womens Lingerie,1017,"Under-, Nightwear","Push-up bras in soft cotton jersey with lace. Underwired, moulded, padded cups for a larger bust and fuller cleavage, adjustable shoulder straps and a narrow fastening at the back."
729928001,729928,JESSY JERSEY SKIRT,275,Skirt,Garment Lower body,1010016,Solid,9,Black,4,Dark,5,Black,1444,Skirts,D,Divided,2,Divided,53,Divided Collection,1012,Skirts,Short skater skirt in sturdy jersey with an elasticated waist and visible zip at the back. Unlined.
610776028,610776,Tilly (1),255,T-shirt,Garment Upper body,1010010,Melange,7,Grey,2,Medium Dusty,12,Grey,1676,Jersey Basic,A,Ladieswear,1,Ladieswear,16,Womens Everyday Basics,1002,Jersey Basic,T-shirt in lightweight jersey with a rounded hem. Slightly longer at the back.
611415001,611415,Charlotte Brazilian Aza.Low 2p,286,Underwear bottom,Underwear,1010016,Solid,9,Black,4,Dark,5,Black,1338,Expressive Lingerie,B,Lingeries/Tights,1,Ladieswear,61,Womens Lingerie,1017,"Under-, Nightwear","Brazilian briefs in lace with a low waist, lined gusset and high cut at the back."
470789001,470789,OP Brazilian 2p Low (Acacia),286,Underwear bottom,Underwear,1010016,Solid,9,Black,4,Dark,5,Black,1339,Clean Lingerie,B,Lingeries/Tights,1,Ladieswear,61,Womens Lingerie,1017,"Under-, Nightwear","Microfibre Brazilian briefs with laser-cut edges, a low waist, lined gusset, wide sides and half-string back."
399256018,399256,Skinny Ankle R.W Brooklyn,272,Trousers,Garment Lower body,1010023,Denim,72,Blue,2,Medium Dusty,2,Blue,1722,Trouser,A,Ladieswear,1,Ladieswear,15,Womens Everyday Collection,1009,Trousers,"Ankle-length jeans in washed stretch denim with a regular waist, fake front pockets, real back pockets and skinny legs."
692226003,692226,Anita Tank,253,Vest top,Garment Upper body,1010016,Solid,9,Black,4,Dark,5,Black,1643,Basic 1,D,Divided,2,Divided,51,Divided Basics,1002,Jersey Basic,Fitted strappy top in soft jersey made from a cotton blend.
688432001,688432,Long leggings 2-pack,273,Leggings/Tights,Garment Lower body,1010016,Solid,9,Black,4,Dark,5,Black,1676,Jersey Basic,A,Ladieswear,1,Ladieswear,16,Womens Everyday Basics,1002,Jersey Basic,Jersey leggings with an elasticated waist.
655784001,655784,Noa skinny trouser,272,Trousers,Garment Lower body,1010016,Solid,9,Black,4,Dark,5,Black,1717,Trouser,A,Ladieswear,1,Ladieswear,11,Womens Tailoring,1009,Trousers,"Trousers in stretch twill with a high, elasticated waist and a concealed zip in one side. Fake welt pockets at the back and slim legs with creases and short slits at the hems."
179950001,179950,Austin basic leather hip belt,67,Belt,Accessories,1010016,Solid,9,Black,4,Dark,5,Black,3509,Belts,C,Ladies Accessories,1,Ladieswear,65,Womens Big accessories,1019,Accessories,Leather belt with a metal buckle. Width 2.5 cm.
624486002,624486,Brit Baby Tee,255,T-shirt,Garment Upper body,1010016,Solid,10,White,3,Light,9,White,1643,Basic 1,D,Divided,2,Divided,51,Divided Basics,1002,Jersey Basic,"Short, fitted top in ribbed cotton jersey with short sleeves."
399256023,399256,Skinny Ankle R.W Brooklyn,272,Trousers,Garment Lower body,1010023,Denim,71,Light Blue,1,Dusty Light,2,Blue,1779,Everyday Waredrobe Denim,A,Ladieswear,1,Ladieswear,57,Ladies Denim,1016,Trousers Denim,"Ankle-length jeans in washed stretch denim with a regular waist, fake front pockets, real back pockets and skinny legs."
507909003,507909,Rebecca or Delphine shirt,259,Shirt,Garment Upper body,1010016,Solid,9,Black,4,Dark,5,Black,1515,Blouse,A,Ladieswear,1,Ladieswear,11,Womens Tailoring,1010,Blouses,"Gently tailored shirt in a stretch cotton blend with a turn-down collar, V-neck, buttons down the front and buttoned cuffs."
399087014,399087,S.Skinny L.W Epic,272,Trousers,Garment Lower body,1010023,Denim,72,Blue,3,Light,2,Blue,1772,Denim Trousers,D,Divided,2,Divided,57,Ladies Denim,1016,Trousers Denim,"5-pocket, low-rise jeans in washed, superstretch denim with a zip fly and button, and super-skinny legs."
685814003,685814,RICHIE HOOD,308,Hoodie,Garment Upper body,1010016,Solid,10,White,3,Light,9,White,5833,Heavy Basic Jersey,F,Menswear,3,Menswear,26,Men Underwear,1002,Jersey Basic,"Hoodie in sweatshirt fabric made from a cotton blend. Relaxed fit with a lined, drawstring hood, long sleeves, kangaroo pocket and ribbing at the cuffs and hem. Soft brushed inside."
679854001,679854,Maja Cardigan TVP,245,Cardigan,Garment Upper body,1010016,Solid,9,Black,4,Dark,5,Black,1647,Tops Knitwear,D,Divided,2,Divided,53,Divided Collection,1003,Knitwear,"Long-sleeved cardigan in a soft, loose knit with no buttons. The polyester content of the cardigan is recycled."
658030001,658030,Push Up Jegging L.W,272,Trousers,Garment Lower body,1010023,Denim,9,Black,4,Dark,19,Green,1772,Denim Trousers,D,Divided,2,Divided,57,Ladies Denim,1016,Trousers Denim,"5-pocket jeggings in washed, stretch denim with a low waist, zip fly and button, and skinny legs. Push up – denim with a superstretch function that showcases the body’s physique."
688105002,688105,Skirt Mini Bea,275,Skirt,Garment Lower body,1010023,Denim,9,Black,4,Dark,5,Black,1773,Denim Other Garments,D,Divided,2,Divided,57,Ladies Denim,1016,Trousers Denim,"Short skirt in washed cotton denim with a high waist, zip fly and button, front and back pockets and a raw-edge hem."
399223035,399223,Jeggings H.W,272,Trousers,Garment Lower body,1010023,Denim,72,Blue,2,Medium Dusty,2,Blue,1772,Denim Trousers,D,Divided,2,Divided,57,Ladies Denim,1016,Trousers Denim,"Jeggings in washed, superstretch denim with a high waist, fake front pockets, real back pockets and skinny legs."
399061008,399061,Jacket Slim,262,Jacket,Garment Upper body,1010023,Denim,71,Light Blue,1,Dusty Light,2,Blue,1201,Outwear,A,Ladieswear,1,Ladieswear,19,Womens Jackets,1007,Outdoor,"Fitted jacket in washed, stretch denim with buttons down the front, flap chest pockets with a button, and side pockets."
706016004,706016,Jade HW Skinny Denim TRS,272,Trousers,Garment Lower body,1010014,Placement print,71,Light Blue,1,Dusty Light,2,Blue,1747,Trousers,D,Divided,2,Divided,53,Divided Collection,1009,Trousers,"High-waisted jeans in washed superstretch denim with a zip fly and button, fake front pockets, real back pockets and super-skinny legs."
465655010,465655,Ginger Thong Maple Low 3p,286,Underwear bottom,Underwear,1010016,Solid,9,Black,4,Dark,5,Black,1334,Casual Lingerie,B,Lingeries/Tights,1,Ladieswear,61,Womens Lingerie,1017,"Under-, Nightwear","Thong briefs in cotton jersey and lace with a low waist, lined gusset, wide sides and string back."
516859008,516859,James basic hip belt,67,Belt,Accessories,1010016,Solid,9,Black,4,Dark,5,Black,3509,Belts,C,Ladies Accessories,1,Ladieswear,65,Womens Big accessories,1019,Accessories,Belt in embossed imitation leather with a metal buckle. Width 3 cm.
697054003,697054,Despacito,258,Blouse,Garment Upper body,1010016,Solid,10,White,3,Light,9,White,1522,Blouse,A,Ladieswear,1,Ladieswear,15,Womens Everyday Collection,1010,Blouses,"Blouse in woven fabric with a collar, buttons down the front, gathers at the shoulders, long sleeves with buttoned cuffs, and a rounded hem. Slightly longer at the back."
688558002,688558,Brittany LS,254,Top,Garment Upper body,1010016,Solid,10,White,3,Light,9,White,1643,Basic 1,D,Divided,2,Divided,51,Divided Basics,1002,Jersey Basic,"Fitted, long-sleeved top in soft ribbed jersey."
562245062,562245,Luna skinny RW,272,Trousers,Garment Lower body,1010023,Denim,8,Dark Grey,4,Dark,12,Grey,1722,Trouser,A,Ladieswear,1,Ladieswear,15,Womens Everyday Collection,1009,Trousers,"5-pocket jeans in washed, superstretch denim with a regular waist, zip fly and button, and skinny legs."
554598057,554598,Nora T-shirt,255,T-shirt,Garment Upper body,1010016,Solid,9,Black,4,Dark,5,Black,1676,Jersey Basic,A,Ladieswear,1,Ladieswear,16,Womens Everyday Basics,1002,Jersey Basic,"T-shirt in soft jersey with a round neck, short sleeves with sewn-in turn-ups, and a rounded hem."
575347003,575347,7pk basic R sneaker socks,302,Socks,Socks & Tights,1010016,Solid,9,Black,4,Dark,5,Black,7188,Socks Bin,F,Menswear,3,Menswear,26,Men Underwear,1021,Socks and Tights,Socks in a fine-knit cotton blend with elastication at the top.
591334019,591334,Flock (1),252,Sweater,Garment Upper body,1010016,Solid,73,Dark Blue,4,Dark,2,Blue,3708,Loungewear,A,Ladieswear,1,Ladieswear,62,"Womens Nightwear, Socks & Tigh",1017,"Under-, Nightwear","Slightly shorter jumper in a soft, fine knit with long sleeves and ribbing around the neckline, cuffs and hem."
399087030,399087,S.Skinny L.W Epic,272,Trousers,Garment Lower body,1010023,Denim,73,Dark Blue,4,Dark,2,Blue,1772,Denim Trousers,D,Divided,2,Divided,57,Ladies Denim,1016,Trousers Denim,"5-pocket, low-rise jeans in washed, superstretch denim with a zip fly and button, and super-skinny legs."
697564010,697564,KELLY SHIRT,259,Shirt,Garment Upper body,1010016,Solid,10,White,3,Light,9,White,1543,Tops Woven,D,Divided,2,Divided,53,Divided Collection,1010,Blouses,"Shirt in airy cotton with a collar, buttons down the front, long sleeves with buttoned cuffs, and a rounded hem."
554598001,554598,Nora T-shirt,255,T-shirt,Garment Upper body,1010016,Solid,9,Black,4,Dark,5,Black,1676,Jersey Basic,A,Ladieswear,1,Ladieswear,16,Womens Everyday Basics,1002,Jersey Basic,"T-shirt in soft jersey with a round neck, short sleeves with sewn-in turn-ups, and a rounded hem."
578476001,578476,Vichy 5pkt slim trouser,272,Trousers,Garment Lower body,1010016,Solid,9,Black,4,Dark,5,Black,1717,Trouser,A,Ladieswear,1,Ladieswear,11,Womens Tailoring,1009,Trousers,5-pocket trousers in superstretch twill with a regular waist and skinny legs.
621381012,621381,Jade Trash HW Skinny Denim TRS,272,Trousers,Garment Lower body,1010016,Solid,9,Black,4,Dark,5,Black,1747,Trousers,D,Divided,2,Divided,53,Divided Collection,1009,Trousers,"High-waisted jeans in washed superstretch denim with hard-worn details, a zip fly and button, back pockets and skinny legs."
732842002,732842,Embrace S.Skinny H.W Trash,272,Trousers,Garment Lower body,1010023,Denim,71,Light Blue,1,Dusty Light,2,Blue,1772,Denim Trousers,D,Divided,2,Divided,57,Ladies Denim,1016,Trousers Denim,"5-pocket, ankle-length jeans in washed, stretch denim with hard-worn details, a high waist, zip fly and button and super-skinny legs with raw-edge hems. Embrace – denim with a smart stretch function that moulds to the body for a comfortable, flattering silhouette."
554450036,554450,Julia RW Skinny Denim TRS,272,Trousers,Garment Lower body,1010016,Solid,73,Dark Blue,2,Medium Dusty,2,Blue,1747,Trousers,D,Divided,2,Divided,53,Divided Collection,1009,Trousers,5-pocket jeans in superstretch washed denim with a regular waist and super-skinny legs.
658030020,658030,Push Up Jegging L.W,272,Trousers,Garment Lower body,1010016,Solid,9,Black,4,Dark,5,Black,1772,Denim Trousers,D,Divided,2,Divided,57,Ladies Denim,1016,Trousers Denim,"5-pocket jeggings in washed, stretch denim with a low waist, zip fly and button, and skinny legs. Push up – denim with a superstretch function that showcases the body’s physique."
561445006,561445,Billie,255,T-shirt,Garment Upper body,1010016,Solid,10,White,3,Light,9,White,1676,Jersey Basic,A,Ladieswear,1,Ladieswear,16,Womens Everyday Basics,1002,Jersey Basic,"Short-sleeved, fitted jersey top with a slightly deeper neckline."
687704002,687704,Embrace S.Skinny Ankle H.W,272,Trousers,Garment Lower body,1010023,Denim,72,Blue,2,Medium Dusty,2,Blue,1772,Denim Trousers,D,Divided,2,Divided,57,Ladies Denim,1016,Trousers Denim,"5-pocket, ankle-length jeans in washed, stretch denim with a high waist, zip fly and button and super-skinny legs. Embrace – denim with a smart stretch function that moulds to the body for a comfortable, flattering silhouette."
712216001,712216,Prima,253,Vest top,Garment Upper body,1010016,Solid,9,Black,4,Dark,5,Black,1522,Blouse,A,Ladieswear,1,Ladieswear,15,Womens Everyday Collection,1010,Blouses,V-neck top in woven fabric with spaghetti shoulder straps.
677930023,677930,Queen Sweater,252,Sweater,Garment Upper body,1010007,Embroidery,10,White,3,Light,9,White,1643,Basic 1,D,Divided,2,Divided,51,Divided Basics,1002,Jersey Basic,"Top in lightweight sweatshirt fabric with ribbing around the neckline, cuffs and hem."
554772002,554772,Bob V-neck,255,T-shirt,Garment Upper body,1010016,Solid,9,Black,4,Dark,5,Black,1676,Jersey Basic,A,Ladieswear,1,Ladieswear,16,Womens Everyday Basics,1002,Jersey Basic,Fitted top in cotton jersey with a V-neck and short sleeves.
603145001,603145,Angela hipster,286,Underwear bottom,Underwear,1010016,Solid,9,Black,4,Dark,5,Black,3937,UW,D,Divided,2,Divided,51,Divided Basics,1017,"Under-, Nightwear","Hipster briefs in cotton jersey with lace trims, a mid waist, lined gusset, wide sides and cutaway coverage at the back."
554598038,554598,Nora T-shirt,255,T-shirt,Garment Upper body,1010016,Solid,19,Greenish Khaki,2,Medium Dusty,20,Khaki green,1676,Jersey Basic,A,Ladieswear,1,Ladieswear,16,Womens Everyday Basics,1002,Jersey Basic,"T-shirt in soft jersey with a round neck, short sleeves with sewn-in turn-ups, and a rounded hem."
636323003,636323,Skinny H.W Ankle Queens,272,Trousers,Garment Lower body,1010023,Denim,72,Blue,2,Medium Dusty,2,Blue,1772,Denim Trousers,D,Divided,2,Divided,57,Ladies Denim,1016,Trousers Denim,"Ankle-length jeans in washed, stretch denim with a high waist, zip fly and button, back pockets and skinny legs."
660726001,660726,Bonus(1),258,Blouse,Garment Upper body,1010016,Solid,10,White,3,Light,9,White,1515,Blouse,A,Ladieswear,1,Ladieswear,11,Womens Tailoring,1010,Blouses,Straight-cut blouse in a slightly stretchy weave with a V-neck and short cap sleeves.
487722001,487722,Charlotte Body Push Melbourne,283,Underwear body,Underwear,1010016,Solid,9,Black,4,Dark,5,Black,1338,Expressive Lingerie,B,Lingeries/Tights,1,Ladieswear,61,Womens Lingerie,1017,"Under-, Nightwear","Lace push-up body with underwired, moulded, padded cups for a larger bust and fuller cleavage, and a string at the back. Narrow, adjustable shoulder straps, an opening with a hook-and-eye fastening at the back and a lined gusset with concealed press-studs."
732842001,732842,Embrace S.Skinny H.W Trash,272,Trousers,Garment Lower body,1010023,Denim,9,Black,4,Dark,5,Black,1772,Denim Trousers,D,Divided,2,Divided,57,Ladies Denim,1016,Trousers Denim,"5-pocket, ankle-length jeans in washed, stretch denim with hard-worn details, a high waist, zip fly and button and super-skinny legs with raw-edge hems. Embrace – denim with a smart stretch function that moulds to the body for a comfortable, flattering silhouette."
589748001,589748,Bella waistbelt,67,Belt,Accessories,1010016,Solid,9,Black,4,Dark,5,Black,3509,Belts,C,Ladies Accessories,1,Ladieswear,65,Womens Big accessories,1019,Accessories,Wide waist belt with a round metal buckle. Width 3.5 cm.
547780001,547780,Basic sweatpants,272,Trousers,Garment Lower body,1010016,Solid,9,Black,4,Dark,5,Black,1643,Basic 1,D,Divided,2,Divided,51,Divided Basics,1002,Jersey Basic,"Trousers in soft sweatshirt fabric with an elasticated drawstring waist, side pockets and ribbed hems. Soft brushed inside."
516903005,516903,Sally Structure TVP,252,Sweater,Garment Upper body,1010026,Other structure,22,Yellow,7,Medium,8,Yellow,1647,Tops Knitwear,D,Divided,2,Divided,53,Divided Collection,1003,Knitwear,"Jumper in a textured cotton-blend knit with dropped shoulders and ribbing around the neckline, cuffs and hem."
664319001,664319,Tiblisi paperwaist tapered,272,Trousers,Garment Lower body,1010016,Solid,9,Black,4,Dark,5,Black,1722,Trouser,A,Ladieswear,1,Ladieswear,15,Womens Everyday Collection,1009,Trousers,"Trousers in woven fabric with a high paper bag waist, side pockets, detachable tie belt and tapered legs."
743098001,743098,Flirty Linnea necklace,77,Necklace,Accessories,1010016,Solid,5,Gold,5,Bright,15,Metal,4344,Jewellery,C,Ladies Accessories,1,Ladieswear,66,Womens Small accessories,1019,Accessories,"Thin metal chain necklace decorated with small, coin-shaped pendants and rod-shaped metal beads. Adjustable length 40-48 cm."
160442043,160442,3p Sneaker Socks,302,Socks,Socks & Tights,1010010,Melange,6,Light Grey,2,Medium Dusty,12,Grey,3611,Shopbasket Socks,B,Lingeries/Tights,1,Ladieswear,62,"Womens Nightwear, Socks & Tigh",1021,Socks and Tights,"Short, fine-knit socks designed to be hidden by your shoes with a silicone trim at the back of the heel to keep them in place."
678696001,678696,IZZY TEE,255,T-shirt,Garment Upper body,1010010,Melange,9,Black,4,Dark,5,Black,8316,Ladies Sport Bras,S,Sport,26,Sport,5,Ladies H&M Sport,1005,Jersey Fancy,Wide sports top in fast-drying functional fabric with a slightly wider neckline and short cap sleeves. Rounded and slightly longer at the back.
658030006,658030,Push Up Jegging L.W,272,Trousers,Garment Lower body,1010023,Denim,9,Black,4,Dark,5,Black,1772,Denim Trousers,D,Divided,2,Divided,57,Ladies Denim,1016,Trousers Denim,"5-pocket jeggings in washed, stretch denim with a low waist, zip fly and button, and skinny legs. Push up – denim with a superstretch function that showcases the body’s physique."
120129001,120129,Babette long,273,Leggings/Tights,Garment Lower body,1010016,Solid,9,Black,4,Dark,5,Black,2032,Jersey,A,Ladieswear,1,Ladieswear,8,Mama,1005,Jersey Fancy,Leggings in soft jersey with a wide panel at the waist for best fit over the tummy. The cotton content of the leggings is organic.
678692001,678692,DEXTER TANK,253,Vest top,Garment Upper body,1010001,All over pattern,52,Pink,1,Dusty Light,4,Pink,8316,Ladies Sport Bras,S,Sport,26,Sport,5,Ladies H&M Sport,1005,Jersey Fancy,Loose-fitting sports vest top in fast-drying jersey with mesh sections and a racer back.
719957006,719957,Ginger Ch hipster ctn 3p,-1,Unknown,Unknown,1010016,Solid,9,Black,4,Dark,5,Black,1334,Casual Lingerie,B,Lingeries/Tights,1,Ladieswear,61,Womens Lingerie,1017,"Under-, Nightwear","Hipster briefs in cotton jersey and lace with a low waist, lined gusset and cutaway coverage at the back."
554477005,554477,Victoria RW Pull- On TRS,272,Trousers,Garment Lower body,1010016,Solid,9,Black,4,Dark,5,Black,1747,Trousers,D,Divided,2,Divided,53,Divided Collection,1009,Trousers,"Ankle-length trousers in an airy viscose weave with a regular, elasticated waist, side pockets and slightly wider, tapered legs."
189634001,189634,Long Leg Leggings,273,Leggings/Tights,Garment Lower body,1010016,Solid,9,Black,4,Dark,5,Black,1643,Basic 1,D,Divided,2,Divided,51,Divided Basics,1002,Jersey Basic,Leggings in stretch jersey with an elasticated waist.
618800007,618800,Leona,253,Vest top,Garment Upper body,1010016,Solid,12,Light Beige,1,Dusty Light,11,Beige,1522,Blouse,A,Ladieswear,1,Ladieswear,15,Womens Everyday Collection,1010,Blouses,V-neck satin top with a lace trim at the top and super-skinny shoulder straps. Unlined.
465655019,465655,Ginger Thong Maple Low 3p,286,Underwear bottom,Underwear,1010016,Solid,9,Black,4,Dark,5,Black,1334,Casual Lingerie,B,Lingeries/Tights,1,Ladieswear,61,Womens Lingerie,1017,"Under-, Nightwear","Thong briefs in cotton jersey and lace with a low waist, lined gusset, wide sides and string back."
253448003,253448,OP Push Melbourne^,306,Bra,Underwear,1010016,Solid,12,Light Beige,1,Dusty Light,11,Beige,1339,Clean Lingerie,B,Lingeries/Tights,1,Ladieswear,61,Womens Lingerie,1017,"Under-, Nightwear","Push-up bra in microfibre with underwired, moulded, padded cups for a larger bust and fuller cleavage, adjustable shoulder straps and a hook-and-eye fastening at the back."
712587002,712587,Bow HW paperwaist,272,Trousers,Garment Lower body,1010016,Solid,73,Dark Blue,4,Dark,2,Blue,1722,Trouser,A,Ladieswear,1,Ladieswear,15,Womens Everyday Collection,1009,Trousers,"Trousers woven in a viscose blend with a high paper bag waist with pleats and a detachable tie belt. Zip fly with concealed hook-and-eye fasteners, side pockets and tapered legs."
711053004,711053,Tess Tee.,255,T-shirt,Garment Upper body,1010016,Solid,10,White,3,Light,9,White,1643,Basic 1,D,Divided,2,Divided,51,Divided Basics,1002,Jersey Basic,Long T-shirt in soft jersey made from a cotton blend with short sleeves with sewn-in turn-ups.
717490003,717490,Cat Tee.,255,T-shirt,Garment Upper body,1010017,Stripe,10,White,3,Light,9,White,1643,Basic 1,D,Divided,2,Divided,51,Divided Basics,1002,Jersey Basic,T-shirt in soft jersey.
538699007,538699,V-neck strap top,253,Vest top,Garment Upper body,1010016,Solid,10,White,3,Light,9,White,1676,Jersey Basic,A,Ladieswear,1,Ladieswear,16,Womens Everyday Basics,1002,Jersey Basic,Jersey top with a V-neck and narrow shoulder straps.
372860024,372860,Basic 7p Shaftless,302,Socks,Socks & Tights,1010010,Melange,6,Light Grey,2,Medium Dusty,12,Grey,3611,Shopbasket Socks,B,Lingeries/Tights,1,Ladieswear,62,"Womens Nightwear, Socks & Tigh",1021,Socks and Tights,Fine-knit trainer socks in a soft cotton blend.
224606019,224606,Flora hip belt (1),67,Belt,Accessories,1010016,Solid,9,Black,4,Dark,5,Black,3509,Belts,C,Ladies Accessories,1,Ladieswear,65,Womens Big accessories,1019,Accessories,Narrow belt in grained imitation leather with a metal buckle. Width 2 cm.
396135007,396135,Glamping,274,Shorts,Garment Lower body,1010016,Solid,9,Black,4,Dark,5,Black,1676,Jersey Basic,A,Ladieswear,1,Ladieswear,16,Womens Everyday Basics,1002,Jersey Basic,"Short shorts in sweatshirt fabric with an elasticated, drawstring jersey waistband, side pockets and rounded hems."
605094001,605094,Fred Shortie 3 pack,286,Underwear bottom,Underwear,1010016,Solid,9,Black,4,Dark,5,Black,3937,UW,D,Divided,2,Divided,51,Divided Basics,1017,"Under-, Nightwear","Hipster briefs in cotton jersey with a mid waist, lined gusset, wide sides and medium coverage at the back."
148033001,148033,Nouvelle 1p Stay Up,273,Leggings/Tights,Garment Lower body,1010016,Solid,9,Black,4,Dark,5,Black,3608,Tights basic,B,Lingeries/Tights,1,Ladieswear,62,"Womens Nightwear, Socks & Tigh",1021,Socks and Tights,Semi shiny stay-ups with a wide lace trim at the top and silicone on the inside. 20 denier.
573937001,573937,ED Madison Skinny HW,272,Trousers,Garment Lower body,1010016,Solid,9,Black,4,Dark,5,Black,1939,Woven bottoms,A,Ladieswear,1,Ladieswear,2,H&M+,1009,Trousers,"5-pocket jeans in superstretch denim with a high waist, zip fly and button, and skinny legs."
568808001,568808,Vermont Summer Slacks,272,Trousers,Garment Lower body,1010016,Solid,9,Black,4,Dark,5,Black,1717,Trouser,A,Ladieswear,1,Ladieswear,11,Womens Tailoring,1009,Trousers,"Ankle-length, tailored trousers in woven fabric with a hook-and-eye fastening, zip fly and straight-cut legs that taper to the hem with creases. Slits at the hems."
507883014,507883,Ellen Thong (Malva) L 3pk,286,Underwear bottom,Underwear,1010010,Melange,8,Dark Grey,2,Medium Dusty,12,Grey,1339,Clean Lingerie,B,Lingeries/Tights,1,Ladieswear,61,Womens Lingerie,1017,"Under-, Nightwear",
294008002,294008,HM+ Cora tee,277,Costumes,Garment Full body,1010016,Solid,9,Black,4,Dark,5,Black,1919,Jersey,A,Ladieswear,1,Ladieswear,2,H&M+,1005,Jersey Fancy,Gently flared top in soft viscose jersey with short sleeves and a rounded hem.
399223034,399223,Jeggings H.W,272,Trousers,Garment Lower body,1010001,All over pattern,9,Black,4,Dark,5,Black,1772,Denim Trousers,D,Divided,2,Divided,57,Ladies Denim,1016,Trousers Denim,"Jeggings in washed, superstretch denim with a high waist, fake front pockets, real back pockets and skinny legs."
678342002,678342,Lima SS.,255,T-shirt,Garment Upper body,1010016,Solid,10,White,3,Light,9,White,1643,Basic 1,D,Divided,2,Divided,51,Divided Basics,1002,Jersey Basic,Fitted T-shirt in soft cotton jersey with a slightly wider neckline with a narrow ribbed trim.
671852003,671852,Gwen Jersey Top,253,Vest top,Garment Upper body,1010016,Solid,9,Black,4,Dark,5,Black,1686,Jersey Occasion,A,Ladieswear,1,Ladieswear,14,Womens Premium,1013,Dresses Ladies,Fitted top in stretch jersey with a slight sheen. V-neck with a lace trim at the top and adjustable spaghetti straps.
708021001,708021,PINKY Loose Fitted Tank,253,Vest top,Garment Upper body,1010016,Solid,9,Black,4,Dark,5,Black,8316,Ladies Sport Bras,S,Sport,26,Sport,5,Ladies H&M Sport,1005,Jersey Fancy,Loose-fitting sports vest top in fast-drying jersey with a racer back.
554598047,554598,Nora T-shirt,255,T-shirt,Garment Upper body,1010016,Solid,73,Dark Blue,4,Dark,2,Blue,1676,Jersey Basic,A,Ladieswear,1,Ladieswear,16,Womens Everyday Basics,1002,Jersey Basic,"T-shirt in soft jersey with a round neck, short sleeves with sewn-in turn-ups, and a rounded hem."
305931001,305931,Fake 1p Leggings,273,Leggings/Tights,Garment Lower body,1010016,Solid,9,Black,4,Dark,5,Black,3608,Tights basic,B,Lingeries/Tights,1,Ladieswear,62,"Womens Nightwear, Socks & Tigh",1021,Socks and Tights,Leggings in imitation leather with an elasticated waist.
189616008,189616,Heavy jsy long leg,273,Leggings/Tights,Garment Lower body,1010020,Contrast,9,Black,4,Dark,5,Black,1643,Basic 1,D,Divided,2,Divided,51,Divided Basics,1002,Jersey Basic,Leggings in extra sturdy jersey with an elasticated waist.
554450019,554450,Julia Denim RW TRS,272,Trousers,Garment Lower body,1010016,Solid,73,Dark Blue,2,Medium Dusty,2,Blue,1747,Trousers,D,Divided,2,Divided,53,Divided Collection,1009,Trousers,5-pocket jeans in superstretch washed denim with a regular waist and super-skinny legs.
316441001,316441,Lee (1),254,Top,Garment Upper body,1010016,Solid,9,Black,4,Dark,5,Black,1676,Jersey Basic,A,Ladieswear,1,Ladieswear,16,Womens Everyday Basics,1002,Jersey Basic,Long-sleeved top in soft jersey.
570003002,570003,VICTOR SLIM VN T-SHIRT,255,T-shirt,Garment Upper body,1010016,Solid,10,White,3,Light,9,White,5832,Light Basic Jersey,F,Menswear,3,Menswear,26,Men Underwear,1002,Jersey Basic,V-neck T-shirt in soft cotton jersey.
608458001,608458,Band leggings,273,Leggings/Tights,Garment Lower body,1010016,Solid,9,Black,4,Dark,5,Black,1676,Jersey Basic,A,Ladieswear,1,Ladieswear,16,Womens Everyday Basics,1002,Jersey Basic,Jersey leggings with wide elastication at the waist.
717490015,717490,Cat Tee.,255,T-shirt,Garment Upper body,1010016,Solid,23,Dark Yellow,4,Dark,8,Yellow,1643,Basic 1,D,Divided,2,Divided,51,Divided Basics,1002,Jersey Basic,T-shirt in soft jersey.
458239001,458239,Tess CN Unique,265,Dress,Garment Full body,1010016,Solid,9,Black,4,Dark,5,Black,1676,Jersey Basic,A,Ladieswear,1,Ladieswear,16,Womens Everyday Basics,1002,Jersey Basic,Short-sleeved dress in soft cotton jersey.
536139010,536139,Alex Trs (J),296,Pyjama bottom,Nightwear,1010027,Neps,6,Light Grey,1,Dusty Light,12,Grey,3709,Nightwear,B,Lingeries/Tights,1,Ladieswear,62,"Womens Nightwear, Socks & Tigh",1017,"Under-, Nightwear",Pyjama bottoms in lightweight fabric with an elasticated drawstring waist and tapered legs with ribbed hems.
739953002,739953,Lennox,258,Blouse,Garment Upper body,1010016,Solid,9,Black,4,Dark,5,Black,1522,Blouse,A,Ladieswear,1,Ladieswear,15,Womens Everyday Collection,1010,Blouses,"V-neck blouse in an airy weave with a slight sheen and velvety-smooth finish. Stand-up collar, long sleeves, wide cuffs with covered buttons, a yoke with a pleat at the back, and a rounded hem. Slightly longer at the back."
574109012,574109,Rachel LS TVP,252,Sweater,Garment Upper body,1010016,Solid,22,Yellow,7,Medium,8,Yellow,1647,Tops Knitwear,D,Divided,2,Divided,53,Divided Collection,1003,Knitwear,Fitted top in a fine rib knit with long sleeves and a ribbed neckline.
685813005,685813,PETAR SWEATSHIRT,252,Sweater,Garment Upper body,1010016,Solid,93,Dark Green,4,Dark,20,Khaki green,5833,Heavy Basic Jersey,F,Menswear,3,Menswear,26,Men Underwear,1002,Jersey Basic,"Top in soft sweatshirt fabric. Slightly looser fit with dropped shoulders and ribbing around the neckline, cuffs and hem. Soft brushed inside."
464908002,464908,Liza Thong Low (Malva) 3pk,286,Underwear bottom,Underwear,1010016,Solid,9,Black,4,Dark,5,Black,1334,Casual Lingerie,B,Lingeries/Tights,1,Ladieswear,61,Womens Lingerie,1017,"Under-, Nightwear","Thong briefs in microfibre with a low waist, lined gusset, narrow sides and string back."
695584001,695584,Bono hip belt,67,Belt,Accessories,1010016,Solid,9,Black,4,Dark,5,Black,3509,Belts,C,Ladies Accessories,1,Ladieswear,65,Womens Big accessories,1019,Accessories,Belt in grained imitation leather with a metal buckle. Width approx. 2.5 cm.
720504001,720504,Skinny 5pkt Lowprice,272,Trousers,Garment Lower body,1010023,Denim,9,Black,4,Dark,5,Black,5672,Denim trousers,F,Menswear,3,Menswear,56,Denim Men,1016,Trousers Denim,"5-pocket jeans in washed stretch denim with a regular waist, zip fly and button, and skinny legs."
682550001,682550,Uno Hood (1),308,Hoodie,Garment Upper body,1010016,Solid,9,Black,4,Dark,5,Black,1643,Basic 1,D,Divided,2,Divided,51,Divided Basics,1002,Jersey Basic,"Jacket in sweatshirt fabric with a lined drawstring hood, zip down the front, side pockets and ribbing at the cuffs and hem. Soft brushed inside."
506098007,506098,Liza Push Melbourne 2pk,306,Bra,Underwear,1010016,Solid,12,Light Beige,1,Dusty Light,11,Beige,1334,Casual Lingerie,B,Lingeries/Tights,1,Ladieswear,61,Womens Lingerie,1017,"Under-, Nightwear","Push-up bras in microfibre with mesh details. Underwired, padded cups for a larger bust and fuller cleavage, adjustable shoulder straps and a hook-and-eye fastening at the back."
621381001,621381,Jade Trash HW Skinny Denim TRS,272,Trousers,Garment Lower body,1010016,Solid,71,Light Blue,3,Light,2,Blue,1747,Trousers,D,Divided,2,Divided,53,Divided Collection,1009,Trousers,"High-waisted jeans in washed superstretch denim with hard-worn details, a zip fly and button, back pockets and skinny legs."
711440001,711440,Emerald (1),252,Sweater,Garment Upper body,1010016,Solid,9,Black,4,Dark,5,Black,1666,Jersey,A,Ladieswear,1,Ladieswear,11,Womens Tailoring,1005,Jersey Fancy,"Wrapover top in jersey with a V-neck, seam and detachable tie belt at the waist and long, cuffed sleeves."
253448001,253448,OP Push Melbourne^,306,Bra,Underwear,1010016,Solid,9,Black,4,Dark,5,Black,1339,Clean Lingerie,B,Lingeries/Tights,1,Ladieswear,61,Womens Lingerie,1017,"Under-, Nightwear","Push-up bra in microfibre with underwired, moulded, padded cups for a larger bust and fuller cleavage, adjustable shoulder straps and a hook-and-eye fastening at the back."
636323002,636323,Skinny H.W Ankle Queens,272,Trousers,Garment Lower body,1010023,Denim,10,White,3,Light,9,White,1772,Denim Trousers,D,Divided,2,Divided,57,Ladies Denim,1016,Trousers Denim,"Ankle-length jeans in washed, stretch denim with a high waist, zip fly and button, back pockets and skinny legs."
680262006,680262,SUPREME tights,273,Leggings/Tights,Garment Lower body,1010010,Melange,8,Dark Grey,4,Dark,-1,Unknown,8310,Ladies Sport Bottoms,S,Sport,26,Sport,5,Ladies H&M Sport,1005,Jersey Fancy,Sports tights in fast-drying functional fabric with a wide waistband to hold in and shape the waist. Concealed key pocket in the waistband.
678691002,678691,CARINA HIGH SUPPORT BRA,306,Bra,Underwear,1010016,Solid,9,Black,4,Dark,5,Black,8316,Ladies Sport Bras,S,Sport,26,Sport,5,Ladies H&M Sport,1005,Jersey Fancy,"Sports bra in fast-drying functional fabric with padded cups, wide, lightly padded, adjustable shoulder straps that cross at the back and an elasticated hem with hook-and-eye fasteners at the back. Extra firm support."
399087021,399087,S.Skinny L.W Epic,272,Trousers,Garment Lower body,1010023,Denim,7,Grey,1,Dusty Light,12,Grey,1772,Denim Trousers,D,Divided,2,Divided,57,Ladies Denim,1016,Trousers Denim,"5-pocket, low-rise jeans in washed, superstretch denim with a zip fly and button, and super-skinny legs."
580770001,580770,Kai jumper,252,Sweater,Garment Upper body,1010016,Solid,9,Black,4,Dark,5,Black,1626,Knitwear,A,Ladieswear,1,Ladieswear,15,Womens Everyday Collection,1003,Knitwear,"Jumper in a soft, rib-knit cotton blend with a boat neck, long, wide sleeves with ribbing at the cuffs, and wide ribbing at the hem."
692226004,692226,Anita Tank,253,Vest top,Garment Upper body,1010016,Solid,10,White,3,Light,9,White,1643,Basic 1,D,Divided,2,Divided,51,Divided Basics,1002,Jersey Basic,Fitted strappy top in soft jersey made from a cotton blend.
473954008,473954,OP Cheeky hipster 2p,-1,Unknown,Unknown,1010016,Solid,9,Black,4,Dark,5,Black,1339,Clean Lingerie,B,Lingeries/Tights,1,Ladieswear,61,Womens Lingerie,1017,"Under-, Nightwear","Microfibre hipster briefs with a low waist, lined gusset, wide sides and cutaway coverage at the back."
399256032,399256,Skinny Ankle R.W Brooklyn,272,Trousers,Garment Lower body,1010023,Denim,73,Dark Blue,4,Dark,2,Blue,1722,Trouser,A,Ladieswear,1,Ladieswear,15,Womens Everyday Collection,1009,Trousers,"Ankle-length jeans in washed stretch denim with a regular waist, fake front pockets, real back pockets and skinny legs."
639448001,639448,Day tote,66,Bag,Accessories,1010016,Solid,9,Black,4,Dark,5,Black,3209,Bags,C,Ladies Accessories,1,Ladieswear,65,Womens Big accessories,1019,Accessories,"Spacious handbag in sturdy, grained imitation leather with two handles and a zip at the top. Three inner compartments, one with a zip, and studs on the bottom. Lined. Size 15x30x36 cm."
457892003,457892,Fox (1),273,Leggings/Tights,Garment Lower body,1010016,Solid,9,Black,4,Dark,5,Black,1676,Jersey Basic,A,Ladieswear,1,Ladieswear,16,Womens Everyday Basics,1002,Jersey Basic,Leggings in sturdy jersey with wide elastication at the waist.
743098002,743098,Flirty Linnea necklace,77,Necklace,Accessories,1010016,Solid,3,Silver,3,Light,15,Metal,4344,Jewellery,C,Ladies Accessories,1,Ladieswear,66,Womens Small accessories,1019,Accessories,"Thin metal chain necklace decorated with small, coin-shaped pendants and rod-shaped metal beads. Adjustable length 40-48 cm."
554772003,554772,Bob V-neck,255,T-shirt,Garment Upper body,1010016,Solid,10,White,3,Light,9,White,1676,Jersey Basic,A,Ladieswear,1,Ladieswear,16,Womens Everyday Basics,1002,Jersey Basic,Fitted top in cotton jersey with a V-neck and short sleeves.
689389004,689389,DENISE SHIRT S.0,259,Shirt,Garment Upper body,1010016,Solid,10,White,3,Light,9,White,1543,Tops Woven,D,Divided,2,Divided,53,Divided Collection,1010,Blouses,"Straight-cut shirt in a soft viscose weave with a collar, buttons down the front, long sleeves with narrow, buttoned cuffs, and a rounded hem."
243937001,243937,Straight Edge 5p Socks,302,Socks,Socks & Tights,1010016,Solid,9,Black,4,Dark,5,Black,3611,Shopbasket Socks,B,Lingeries/Tights,1,Ladieswear,62,"Womens Nightwear, Socks & Tigh",1021,Socks and Tights,Fine-knit socks in a soft cotton blend.
685813002,685813,PETAR SWEATSHIRT,252,Sweater,Garment Upper body,1010010,Melange,7,Grey,2,Medium Dusty,12,Grey,5833,Heavy Basic Jersey,F,Menswear,3,Menswear,26,Men Underwear,1002,Jersey Basic,"Top in soft sweatshirt fabric. Slightly looser fit with dropped shoulders and ribbing around the neckline, cuffs and hem. Soft brushed inside."
583534002,583534,Bradley,272,Trousers,Garment Lower body,1010016,Solid,9,Black,4,Dark,5,Black,1676,Jersey Basic,A,Ladieswear,1,Ladieswear,16,Womens Everyday Basics,1002,Jersey Basic,"Joggers in lightweight sweatshirt fabric with wide elastication and a drawstring at the waist, and ribbed hems."
554792001,554792,Benny hip belt (1),67,Belt,Accessories,1010016,Solid,9,Black,4,Dark,5,Black,3509,Belts,C,Ladies Accessories,1,Ladieswear,65,Womens Big accessories,1019,Accessories,Narrow belt in imitation leather with a metal detail at one end and a metal buckle. Width 2.5 cm.
